layer,rawr_n,rawr_shortcut_rate,faith_n,faith_shortcut_rate
10,157,0.22929936305732485,401,0.20199501246882792
14,157,0.27388535031847133,401,0.2119700748129676
18,157,0.28662420382165604,401,0.2194513715710723
22,157,0.35668789808917195,401,0.26683291770573564
26,157,0.37579617834394907,401,0.2518703241895262
